Order ID,Amount,Timestamp,Customer ID,Profile Type
ORD-1000,174.31,2025-07-12T08:22:38.875Z,CUST-306,honest
ORD-1001,5474.17,2025-08-03T08:22:38.878Z,CUST-305,honest
ORD-1002,2405.07,2025-10-11T08:22:38.878Z,CUST-62,honest
ORD-1003,1320.56,2025-08-07T08:22:38.878Z,CUST-338,honest
ORD-1004,763.8,2025-11-16T08:22:38.878Z,CUST-235,honest
ORD-1005,92.86,2025-01-13T08:22:38.878Z,CUST-231,honest
ORD-1006,50.08,2025-12-05T08:22:38.878Z,CUST-477,honest
ORD-1007,1399.49,2025-09-17T08:22:38.878Z,CUST-200,honest
ORD-1008,5892.16,2026-01-02T08:22:38.878Z,CUST-296,honest
ORD-1009,158.24,2025-09-19T08:22:38.878Z,CUST-464,honest
ORD-1010,243.65,2025-05-26T08:22:38.878Z,CUST-455,honest
ORD-1011,36.67,2025-02-04T08:22:38.878Z,CUST-118,honest
ORD-1012,17.77,2025-05-29T08:22:38.878Z,CUST-236,honest
ORD-1013,213.31,2025-09-01T08:22:38.878Z,CUST-435,honest
ORD-1014,7636.26,2025-02-26T08:22:38.878Z,CUST-225,honest
ORD-1015,3832.34,2025-11-04T08:22:38.878Z,CUST-192,honest
ORD-1016,1361.59,2025-03-31T08:22:38.878Z,CUST-86,honest
ORD-1017,582.79,2025-09-11T08:22:38.878Z,CUST-18,honest
ORD-1018,1039.27,2025-05-09T08:22:38.878Z,CUST-282,honest
ORD-1019,63.48,2025-04-15T08:22:38.878Z,CUST-100,honest
ORD-1020,14.39,2025-04-19T08:22:38.878Z,CUST-481,honest
ORD-1021,274.36,2025-05-06T08:22:38.878Z,CUST-70,honest
ORD-1022,97.26,2025-04-30T08:22:38.878Z,CUST-374,honest
ORD-1023,838.48,2025-09-01T08:22:38.878Z,CUST-92,honest
ORD-1024,7100.96,2025-10-16T08:22:38.878Z,CUST-210,honest
ORD-1025,35.68,2025-01-17T08:22:38.878Z,CUST-94,honest
ORD-1026,4991.95,2025-02-26T08:22:38.878Z,CUST-406,honest
ORD-1027,15.15,2025-06-29T08:22:38.878Z,CUST-306,honest
ORD-1028,63.74,2025-09-02T08:22:38.878Z,CUST-117,honest
ORD-1029,463.6,2025-04-19T08:22:38.878Z,CUST-178,honest
ORD-1030,286.75,2025-09-25T08:22:38.878Z,CUST-47,honest
ORD-1031,25.61,2025-12-01T08:22:38.878Z,CUST-184,honest
ORD-1032,16.89,2025-08-20T08:22:38.878Z,CUST-340,honest
ORD-1033,250.53,2025-08-21T08:22:38.878Z,CUST-404,honest
ORD-1034,456.5,2025-07-15T08:22:38.878Z,CUST-262,honest
ORD-1035,8984.34,2025-11-10T08:22:38.878Z,CUST-20,honest
ORD-1036,397.3,2025-09-26T08:22:38.878Z,CUST-219,honest
ORD-1037,285.7,2025-10-27T08:22:38.878Z,CUST-345,honest
ORD-1038,235.87,2025-01-15T08:22:38.878Z,CUST-360,honest
ORD-1039,153.18,2025-03-18T08:22:38.878Z,CUST-271,honest
ORD-1040,44.84,2025-07-12T08:22:38.878Z,CUST-377,honest
ORD-1041,13.32,2025-07-10T08:22:38.878Z,CUST-30,honest
ORD-1042,51.41,2025-10-12T08:22:38.878Z,CUST-359,honest
ORD-1043,195.34,2025-08-01T08:22:38.878Z,CUST-113,honest
ORD-1044,57.32,2025-12-18T08:22:38.878Z,CUST-435,honest
ORD-1045,2090.97,2025-12-16T08:22:38.878Z,CUST-110,honest
ORD-1046,704.51,2025-08-25T08:22:38.878Z,CUST-240,honest
ORD-1047,888,2025-03-09T08:22:38.878Z,CUST-305,honest
ORD-1048,58.76,2025-05-23T08:22:38.878Z,CUST-31,honest
ORD-1049,2268.63,2025-07-25T08:22:38.878Z,CUST-402,honest
ORD-1050,150.05,2025-12-03T08:22:38.878Z,CUST-228,honest
ORD-1051,932.16,2025-06-29T08:22:38.878Z,CUST-236,honest
ORD-1052,934.16,2025-04-08T08:22:38.878Z,CUST-259,honest
ORD-1053,17.27,2025-06-13T08:22:38.878Z,CUST-175,honest
ORD-1054,244.21,2025-03-19T08:22:38.878Z,CUST-221,honest
ORD-1055,1511.68,2026-01-03T08:22:38.878Z,CUST-199,honest
ORD-1056,18.72,2025-03-23T08:22:38.878Z,CUST-49,honest
ORD-1057,33.15,2025-03-01T08:22:38.878Z,CUST-48,honest
ORD-1058,1007.17,2025-03-05T08:22:38.878Z,CUST-292,honest
ORD-1059,981.25,2025-06-09T08:22:38.878Z,CUST-259,honest
ORD-1060,252.11,2025-12-20T08:22:38.879Z,CUST-116,honest
ORD-1061,93.94,2025-06-05T08:22:38.879Z,CUST-199,honest
ORD-1062,137.04,2025-02-17T08:22:38.879Z,CUST-189,honest
ORD-1063,164.29,2026-01-02T08:22:38.879Z,CUST-422,honest
ORD-1064,3845.08,2025-03-24T08:22:38.879Z,CUST-333,honest
ORD-1065,445.45,2025-02-24T08:22:38.879Z,CUST-225,honest
ORD-1066,1970.04,2025-03-26T08:22:38.879Z,CUST-114,honest
ORD-1067,413.81,2025-04-07T08:22:38.879Z,CUST-443,honest
ORD-1068,26.58,2025-01-11T08:22:38.879Z,CUST-494,honest
ORD-1069,294.71,2025-01-27T08:22:38.879Z,CUST-63,honest
ORD-1070,168.44,2025-06-07T08:22:38.879Z,CUST-327,honest
ORD-1071,19.03,2025-10-11T08:22:38.879Z,CUST-45,honest
ORD-1072,19.87,2025-01-21T08:22:38.879Z,CUST-428,honest
ORD-1073,617.54,2025-07-01T08:22:38.879Z,CUST-343,honest
ORD-1074,650.26,2025-01-29T08:22:38.879Z,CUST-285,honest
ORD-1075,53.14,2025-01-16T08:22:38.879Z,CUST-14,honest
ORD-1076,1782.35,2025-04-22T08:22:38.879Z,CUST-127,honest
ORD-1077,367.36,2025-07-14T08:22:38.879Z,CUST-155,honest
ORD-1078,154.3,2025-10-05T08:22:38.879Z,CUST-201,honest
ORD-1079,69.4,2025-02-15T08:22:38.879Z,CUST-278,honest
ORD-1080,56.91,2025-10-29T08:22:38.879Z,CUST-45,honest
ORD-1081,46.33,2025-02-01T08:22:38.879Z,CUST-315,honest
ORD-1082,94.22,2025-10-04T08:22:38.879Z,CUST-406,honest
ORD-1083,1034.29,2025-04-02T08:22:38.879Z,CUST-398,honest
ORD-1084,4612.04,2025-12-11T08:22:38.879Z,CUST-184,honest
ORD-1085,1017.64,2025-08-27T08:22:38.879Z,CUST-396,honest
ORD-1086,52.48,2025-08-14T08:22:38.879Z,CUST-458,honest
ORD-1087,6776.84,2025-04-17T08:22:38.879Z,CUST-114,honest
ORD-1088,769.69,2025-07-05T08:22:38.879Z,CUST-50,honest
ORD-1089,997.1,2025-05-24T08:22:38.879Z,CUST-16,honest
ORD-1090,2897.44,2025-07-04T08:22:38.879Z,CUST-411,honest
ORD-1091,5830.58,2025-05-19T08:22:38.879Z,CUST-396,honest
ORD-1092,166.38,2025-12-24T08:22:38.879Z,CUST-441,honest
ORD-1093,252.12,2025-07-17T08:22:38.879Z,CUST-357,honest
ORD-1094,8219.24,2025-10-18T08:22:38.879Z,CUST-298,honest
ORD-1095,802.86,2025-09-07T08:22:38.879Z,CUST-388,honest
ORD-1096,2806.76,2025-12-08T08:22:38.879Z,CUST-355,honest
ORD-1097,584.43,2025-05-23T08:22:38.879Z,CUST-94,honest
ORD-1098,3215.96,2025-04-19T08:22:38.879Z,CUST-430,honest
ORD-1099,3933.72,2025-09-02T08:22:38.879Z,CUST-168,honest
ORD-1100,18.83,2025-04-03T08:22:38.879Z,CUST-18,honest
ORD-1101,683.02,2025-07-07T08:22:38.879Z,CUST-279,honest
ORD-1102,6947.75,2025-02-06T08:22:38.879Z,CUST-438,honest
ORD-1103,175.63,2025-03-27T08:22:38.879Z,CUST-222,honest
ORD-1104,19.38,2025-11-08T08:22:38.879Z,CUST-96,honest
ORD-1105,1884.49,2025-07-13T08:22:38.879Z,CUST-123,honest
ORD-1106,1184.53,2025-12-18T08:22:38.879Z,CUST-305,honest
ORD-1107,221.7,2025-02-07T08:22:38.879Z,CUST-418,honest
ORD-1108,1087.61,2025-09-01T08:22:38.879Z,CUST-4,honest
ORD-1109,2904.63,2025-02-02T08:22:38.879Z,CUST-312,honest
ORD-1110,3420.63,2025-03-20T08:22:38.879Z,CUST-477,honest
ORD-1111,3431.9,2025-06-18T08:22:38.879Z,CUST-238,honest
ORD-1112,19,2025-07-09T08:22:38.879Z,CUST-205,honest
ORD-1113,39.47,2025-10-29T08:22:38.879Z,CUST-370,honest
ORD-1114,7445.85,2025-09-17T08:22:38.879Z,CUST-203,honest
ORD-1115,14.72,2025-11-02T08:22:38.879Z,CUST-333,honest
ORD-1116,1222.54,2025-08-15T08:22:38.879Z,CUST-70,honest
ORD-1117,2987.42,2025-06-23T08:22:38.879Z,CUST-261,honest
ORD-1118,55.65,2025-06-08T08:22:38.879Z,CUST-264,honest
ORD-1119,1682.42,2025-02-18T08:22:38.879Z,CUST-430,honest
ORD-1120,12.8,2025-09-25T08:22:38.879Z,CUST-444,honest
ORD-1121,109.67,2025-03-25T08:22:38.879Z,CUST-59,honest
ORD-1122,634.22,2025-02-03T08:22:38.879Z,CUST-190,honest
ORD-1123,219.04,2025-08-28T08:22:38.879Z,CUST-312,honest
ORD-1124,5106.67,2025-09-01T08:22:38.879Z,CUST-376,honest
ORD-1125,21.2,2025-04-08T08:22:38.879Z,CUST-316,honest
ORD-1126,9984.71,2025-05-02T08:22:38.879Z,CUST-285,honest
ORD-1127,489.84,2025-07-09T08:22:38.879Z,CUST-1,honest
ORD-1128,1026.7,2025-01-15T08:22:38.879Z,CUST-269,honest
ORD-1129,155.99,2025-07-10T08:22:38.879Z,CUST-406,honest
ORD-1130,1181.26,2025-11-15T08:22:38.879Z,CUST-204,honest
ORD-1131,29.83,2025-11-09T08:22:38.879Z,CUST-397,honest
ORD-1132,3733.44,2026-01-06T08:22:38.879Z,CUST-487,honest
ORD-1133,7342.75,2025-04-29T08:22:38.879Z,CUST-414,honest
ORD-1134,1122.08,2025-11-13T08:22:38.879Z,CUST-462,honest
ORD-1135,40.63,2025-08-09T08:22:38.879Z,CUST-382,honest
ORD-1136,8762.73,2025-08-15T08:22:38.879Z,CUST-497,honest
ORD-1137,397.29,2025-10-29T08:22:38.879Z,CUST-237,honest
ORD-1138,61.32,2025-05-09T08:22:38.879Z,CUST-484,honest
ORD-1139,12.89,2025-06-29T08:22:38.879Z,CUST-183,honest
ORD-1140,29.03,2025-07-25T08:22:38.879Z,CUST-28,honest
ORD-1141,23.89,2025-01-28T08:22:38.879Z,CUST-247,honest
ORD-1142,83.06,2025-01-26T08:22:38.879Z,CUST-2,honest
ORD-1143,643.93,2025-11-07T08:22:38.879Z,CUST-225,honest
ORD-1144,15.62,2025-07-08T08:22:38.879Z,CUST-148,honest
ORD-1145,127.13,2025-11-16T08:22:38.879Z,CUST-450,honest
ORD-1146,47.92,2026-01-02T08:22:38.879Z,CUST-142,honest
ORD-1147,4637.53,2025-04-07T08:22:38.879Z,CUST-479,honest
ORD-1148,48.83,2025-02-06T08:22:38.879Z,CUST-219,honest
ORD-1149,37.4,2025-12-08T08:22:38.879Z,CUST-254,honest
ORD-1150,4371.95,2025-06-20T08:22:38.879Z,CUST-496,honest
ORD-1151,37.5,2025-12-27T08:22:38.879Z,CUST-59,honest
ORD-1152,1600.89,2025-04-13T08:22:38.879Z,CUST-418,honest
ORD-1153,459.03,2025-08-17T08:22:38.879Z,CUST-189,honest
ORD-1154,3058.43,2025-03-02T08:22:38.879Z,CUST-278,honest
ORD-1155,829.25,2025-02-22T08:22:38.879Z,CUST-27,honest
ORD-1156,1667.73,2025-08-10T08:22:38.879Z,CUST-242,honest
ORD-1157,434.63,2025-12-02T08:22:38.879Z,CUST-16,honest
ORD-1158,23.97,2025-06-22T08:22:38.879Z,CUST-337,honest
ORD-1159,15.28,2025-02-05T08:22:38.879Z,CUST-425,honest
ORD-1160,1117.02,2026-01-04T08:22:38.879Z,CUST-103,honest
ORD-1161,462.45,2025-04-22T08:22:38.879Z,CUST-203,honest
ORD-1162,2320.08,2025-10-28T08:22:38.879Z,CUST-5,honest
ORD-1163,2313.82,2025-10-22T08:22:38.879Z,CUST-266,honest
ORD-1164,487.77,2025-11-15T08:22:38.879Z,CUST-325,honest
ORD-1165,19.45,2025-11-09T08:22:38.879Z,CUST-351,honest
ORD-1166,4809.66,2025-03-07T08:22:38.879Z,CUST-296,honest
ORD-1167,919.78,2025-12-15T08:22:38.879Z,CUST-398,honest
ORD-1168,1261.91,2025-04-22T08:22:38.879Z,CUST-427,honest
ORD-1169,12.4,2025-05-02T08:22:38.879Z,CUST-397,honest
ORD-1170,2292.86,2025-05-31T08:22:38.879Z,CUST-158,honest
ORD-1171,1998.37,2025-08-02T08:22:38.879Z,CUST-110,honest
ORD-1172,419.98,2025-06-09T08:22:38.879Z,CUST-314,honest
ORD-1173,25.1,2025-08-25T08:22:38.879Z,CUST-75,honest
ORD-1174,2839.45,2025-12-07T08:22:38.879Z,CUST-60,honest
ORD-1175,2474.55,2025-02-03T08:22:38.879Z,CUST-206,honest
ORD-1176,2379.63,2025-06-27T08:22:38.879Z,CUST-134,honest
ORD-1177,280.53,2025-12-03T08:22:38.879Z,CUST-122,honest
ORD-1178,2853.04,2025-11-01T08:22:38.879Z,CUST-271,honest
ORD-1179,618.04,2025-06-15T08:22:38.879Z,CUST-93,honest
ORD-1180,19.44,2025-12-08T08:22:38.879Z,CUST-194,honest
ORD-1181,6690.86,2025-08-06T08:22:38.879Z,CUST-272,honest
ORD-1182,7350.11,2025-03-13T08:22:38.879Z,CUST-466,honest
ORD-1183,76.35,2025-02-13T08:22:38.879Z,CUST-251,honest
ORD-1184,17.72,2025-02-24T08:22:38.879Z,CUST-290,honest
ORD-1185,5884.05,2025-02-05T08:22:38.879Z,CUST-498,honest
ORD-1186,2008.08,2025-12-22T08:22:38.879Z,CUST-281,honest
ORD-1187,360.11,2025-02-21T08:22:38.879Z,CUST-398,honest
ORD-1188,54.82,2025-08-15T08:22:38.879Z,CUST-266,honest
ORD-1189,319.78,2025-01-31T08:22:38.879Z,CUST-188,honest
ORD-1190,54.07,2025-03-26T08:22:38.879Z,CUST-141,honest
ORD-1191,124.25,2025-02-20T08:22:38.879Z,CUST-42,honest
ORD-1192,4453.43,2025-07-01T08:22:38.879Z,CUST-202,honest
ORD-1193,125.47,2025-05-23T08:22:38.879Z,CUST-233,honest
ORD-1194,568.36,2025-12-03T08:22:38.879Z,CUST-46,honest
ORD-1195,412.55,2025-01-23T08:22:38.879Z,CUST-210,honest
ORD-1196,60.31,2025-08-11T08:22:38.879Z,CUST-279,honest
ORD-1197,62.06,2025-06-01T08:22:38.879Z,CUST-408,honest
ORD-1198,2008.24,2025-10-05T08:22:38.879Z,CUST-163,honest
ORD-1199,40.41,2025-04-06T08:22:38.879Z,CUST-422,honest
ORD-1200,10.9,2025-01-26T08:22:38.879Z,CUST-369,honest
ORD-1201,388.34,2025-06-01T08:22:38.879Z,CUST-95,honest
ORD-1202,14.19,2025-01-11T08:22:38.879Z,CUST-280,honest
ORD-1203,819.99,2025-06-04T08:22:38.879Z,CUST-429,honest
ORD-1204,23.52,2025-09-20T08:22:38.879Z,CUST-496,honest
ORD-1205,199.48,2025-04-03T08:22:38.879Z,CUST-180,honest
ORD-1206,2744.92,2026-01-02T08:22:38.879Z,CUST-313,honest
ORD-1207,12.24,2025-07-09T08:22:38.879Z,CUST-26,honest
ORD-1208,13.53,2025-11-27T08:22:38.879Z,CUST-418,honest
ORD-1209,995.12,2025-10-28T08:22:38.879Z,CUST-354,honest
ORD-1210,2840.2,2025-12-13T08:22:38.879Z,CUST-280,honest
ORD-1211,191.11,2025-11-26T08:22:38.879Z,CUST-144,honest
ORD-1212,82.3,2025-10-27T08:22:38.879Z,CUST-279,honest
ORD-1213,298.16,2025-05-10T08:22:38.879Z,CUST-72,honest
ORD-1214,17.35,2025-04-20T08:22:38.879Z,CUST-452,honest
ORD-1215,1103.44,2026-01-02T08:22:38.879Z,CUST-181,honest
ORD-1216,610.86,2025-04-29T08:22:38.879Z,CUST-396,honest
ORD-1217,9098.19,2026-01-08T08:22:38.879Z,CUST-265,honest
ORD-1218,15.87,2025-08-19T08:22:38.879Z,CUST-271,honest
ORD-1219,131.63,2025-10-18T08:22:38.879Z,CUST-235,honest
ORD-1220,104.21,2025-09-19T08:22:38.879Z,CUST-232,honest
ORD-1221,614.83,2025-06-07T08:22:38.879Z,CUST-35,honest
ORD-1222,36.06,2025-09-09T08:22:38.879Z,CUST-431,honest
ORD-1223,6374.88,2025-10-29T08:22:38.879Z,CUST-44,honest
ORD-1224,2429.05,2025-09-11T08:22:38.879Z,CUST-377,honest
ORD-1225,100.38,2025-11-30T08:22:38.879Z,CUST-0,honest
ORD-1226,29.05,2025-03-23T08:22:38.879Z,CUST-133,honest
ORD-1227,2664.29,2025-04-21T08:22:38.879Z,CUST-419,honest
ORD-1228,123.67,2025-06-06T08:22:38.879Z,CUST-193,honest
ORD-1229,1934.24,2025-11-20T08:22:38.879Z,CUST-165,honest
ORD-1230,3414.12,2025-09-12T08:22:38.879Z,CUST-275,honest
ORD-1231,1688.99,2025-02-20T08:22:38.879Z,CUST-478,honest
ORD-1232,1117.87,2025-10-09T08:22:38.879Z,CUST-339,honest
ORD-1233,4206.84,2025-09-19T08:22:38.879Z,CUST-270,honest
ORD-1234,1105.19,2025-02-15T08:22:38.879Z,CUST-252,honest
ORD-1235,10.88,2025-11-23T08:22:38.879Z,CUST-326,honest
ORD-1236,4212.49,2025-02-15T08:22:38.879Z,CUST-239,honest
ORD-1237,325.28,2025-09-13T08:22:38.879Z,CUST-116,honest
ORD-1238,324.34,2025-01-22T08:22:38.879Z,CUST-268,honest
ORD-1239,144.58,2025-06-04T08:22:38.879Z,CUST-93,honest
ORD-1240,1124.18,2025-09-21T08:22:38.879Z,CUST-297,honest
ORD-1241,3677.37,2025-09-03T08:22:38.879Z,CUST-155,honest
ORD-1242,3454.77,2025-04-26T08:22:38.879Z,CUST-324,honest
ORD-1243,1868.79,2025-06-02T08:22:38.879Z,CUST-475,honest
ORD-1244,26.31,2025-09-22T08:22:38.879Z,CUST-333,honest
ORD-1245,1653.49,2025-09-22T08:22:38.879Z,CUST-471,honest
ORD-1246,662.64,2025-08-05T08:22:38.879Z,CUST-498,honest
ORD-1247,1388.77,2025-02-04T08:22:38.879Z,CUST-245,honest
ORD-1248,8959.35,2025-11-28T08:22:38.879Z,CUST-329,honest
ORD-1249,1111.85,2025-09-04T08:22:38.879Z,CUST-459,honest
ORD-1250,211.84,2025-09-20T08:22:38.879Z,CUST-479,honest
ORD-1251,6404.66,2025-01-27T08:22:38.879Z,CUST-486,honest
ORD-1252,7145.12,2025-08-27T08:22:38.879Z,CUST-102,honest
ORD-1253,320.65,2025-02-05T08:22:38.879Z,CUST-484,honest
ORD-1254,9039.2,2025-07-31T08:22:38.879Z,CUST-99,honest
ORD-1255,191.12,2025-07-23T08:22:38.879Z,CUST-239,honest
ORD-1256,3441.04,2025-10-10T08:22:38.879Z,CUST-69,honest
ORD-1257,1266.51,2025-05-16T08:22:38.879Z,CUST-226,honest
ORD-1258,285.56,2025-08-12T08:22:38.879Z,CUST-200,honest
ORD-1259,2327.9,2025-03-24T08:22:38.879Z,CUST-398,honest
ORD-1260,66.67,2025-03-19T08:22:38.879Z,CUST-319,honest
ORD-1261,73.92,2025-05-12T08:22:38.879Z,CUST-200,honest
ORD-1262,2566.48,2025-09-29T08:22:38.879Z,CUST-341,honest
ORD-1263,60.35,2025-11-04T08:22:38.879Z,CUST-249,honest
ORD-1264,2833.25,2025-11-03T08:22:38.879Z,CUST-49,honest
ORD-1265,3105.96,2025-07-29T08:22:38.879Z,CUST-232,honest
ORD-1266,531.31,2025-11-25T08:22:38.879Z,CUST-169,honest
ORD-1267,645.99,2025-03-21T08:22:38.879Z,CUST-345,honest
ORD-1268,1932.4,2025-11-04T08:22:38.879Z,CUST-131,honest
ORD-1269,173.66,2025-12-29T08:22:38.879Z,CUST-1,honest
ORD-1270,299.52,2025-07-20T08:22:38.879Z,CUST-210,honest
ORD-1271,4315.65,2025-08-17T08:22:38.880Z,CUST-310,honest
ORD-1272,1115.64,2025-12-29T08:22:38.880Z,CUST-203,honest
ORD-1273,573.54,2025-07-17T08:22:38.880Z,CUST-100,honest
ORD-1274,59.63,2025-07-17T08:22:38.880Z,CUST-195,honest
ORD-1275,8546.46,2026-01-05T08:22:38.880Z,CUST-125,honest
ORD-1276,10.41,2026-01-01T08:22:38.880Z,CUST-271,honest
ORD-1277,357.51,2025-09-17T08:22:38.880Z,CUST-82,honest
ORD-1278,179.6,2025-03-15T08:22:38.880Z,CUST-462,honest
ORD-1279,434.69,2025-01-21T08:22:38.880Z,CUST-418,honest
ORD-1280,25.05,2025-09-23T08:22:38.880Z,CUST-340,honest
ORD-1281,1340.91,2025-09-09T08:22:38.880Z,CUST-238,honest
ORD-1282,951.89,2025-05-10T08:22:38.880Z,CUST-209,honest
ORD-1283,130.81,2025-06-23T08:22:38.880Z,CUST-34,honest
ORD-1284,269.91,2026-01-02T08:22:38.880Z,CUST-405,honest
ORD-1285,169.58,2025-09-08T08:22:38.880Z,CUST-277,honest
ORD-1286,144.37,2025-08-13T08:22:38.880Z,CUST-33,honest
ORD-1287,93.83,2025-04-17T08:22:38.880Z,CUST-121,honest
ORD-1288,854.4,2025-05-22T08:22:38.880Z,CUST-369,honest
ORD-1289,15.26,2025-02-13T08:22:38.880Z,CUST-52,honest
ORD-1290,1888.45,2025-03-11T08:22:38.880Z,CUST-344,honest
ORD-1291,335.75,2025-11-13T08:22:38.880Z,CUST-468,honest
ORD-1292,90.69,2025-05-14T08:22:38.880Z,CUST-17,honest
ORD-1293,53.79,2025-10-19T08:22:38.880Z,CUST-109,honest
ORD-1294,1920.28,2025-06-08T08:22:38.880Z,CUST-337,honest
ORD-1295,2969.78,2025-07-24T08:22:38.880Z,CUST-436,honest
ORD-1296,18.36,2025-06-20T08:22:38.880Z,CUST-258,honest
ORD-1297,455.1,2025-08-10T08:22:38.880Z,CUST-71,honest
ORD-1298,94.66,2025-09-15T08:22:38.880Z,CUST-186,honest
ORD-1299,913.35,2025-10-27T08:22:38.880Z,CUST-344,honest
ORD-1300,111.4,2025-12-22T08:22:38.880Z,CUST-123,honest
ORD-1301,165.87,2025-11-14T08:22:38.880Z,CUST-115,honest
ORD-1302,4470.99,2025-02-24T08:22:38.880Z,CUST-118,honest
ORD-1303,12.43,2025-08-13T08:22:38.880Z,CUST-22,honest
ORD-1304,17.11,2025-12-13T08:22:38.880Z,CUST-45,honest
ORD-1305,56,2025-06-16T08:22:38.880Z,CUST-489,honest
ORD-1306,77.24,2025-11-13T08:22:38.880Z,CUST-138,honest
ORD-1307,18.92,2025-06-22T08:22:38.880Z,CUST-181,honest
ORD-1308,626.45,2025-06-19T08:22:38.880Z,CUST-112,honest
ORD-1309,5725.22,2025-02-14T08:22:38.880Z,CUST-185,honest
ORD-1310,719.16,2025-08-25T08:22:38.880Z,CUST-413,honest
ORD-1311,2301.95,2025-07-21T08:22:38.880Z,CUST-166,honest
ORD-1312,3678.5,2025-07-04T08:22:38.880Z,CUST-275,honest
ORD-1313,22.88,2025-11-29T08:22:38.880Z,CUST-337,honest
ORD-1314,163.28,2025-12-11T08:22:38.880Z,CUST-327,honest
ORD-1315,504.26,2025-09-01T08:22:38.880Z,CUST-435,honest
ORD-1316,734.28,2025-02-18T08:22:38.880Z,CUST-211,honest
ORD-1317,1840.06,2025-07-21T08:22:38.880Z,CUST-99,honest
ORD-1318,114.31,2025-07-17T08:22:38.880Z,CUST-238,honest
ORD-1319,1134.67,2025-07-02T08:22:38.880Z,CUST-81,honest
ORD-1320,1991.97,2025-04-17T08:22:38.880Z,CUST-97,honest
ORD-1321,1792.84,2025-11-28T08:22:38.880Z,CUST-322,honest
ORD-1322,594.61,2025-12-26T08:22:38.880Z,CUST-319,honest
ORD-1323,14.61,2025-11-24T08:22:38.880Z,CUST-483,honest
ORD-1324,5040,2025-06-25T08:22:38.880Z,CUST-395,honest
ORD-1325,284.56,2025-04-10T08:22:38.880Z,CUST-84,honest
ORD-1326,192.43,2025-02-13T08:22:38.880Z,CUST-60,honest
ORD-1327,266.84,2025-04-24T08:22:38.880Z,CUST-343,honest
ORD-1328,3955.46,2025-01-26T08:22:38.880Z,CUST-234,honest
ORD-1329,32.82,2025-03-25T08:22:38.880Z,CUST-377,honest
ORD-1330,24.09,2025-09-09T08:22:38.880Z,CUST-383,honest
ORD-1331,60.61,2025-06-26T08:22:38.880Z,CUST-432,honest
ORD-1332,12.87,2025-04-13T08:22:38.880Z,CUST-365,honest
ORD-1333,91.68,2025-05-16T08:22:38.880Z,CUST-66,honest
ORD-1334,38.27,2025-09-15T08:22:38.880Z,CUST-47,honest
ORD-1335,8303.68,2025-12-04T08:22:38.880Z,CUST-130,honest
ORD-1336,48.7,2025-03-29T08:22:38.880Z,CUST-498,honest
ORD-1337,635.8,2025-03-12T08:22:38.880Z,CUST-294,honest
ORD-1338,45.3,2025-10-31T08:22:38.880Z,CUST-158,honest
ORD-1339,504.23,2025-10-20T08:22:38.880Z,CUST-152,honest
ORD-1340,12.9,2025-06-23T08:22:38.880Z,CUST-160,honest
ORD-1341,6832.42,2025-05-07T08:22:38.880Z,CUST-321,honest
ORD-1342,1744.87,2025-03-30T08:22:38.880Z,CUST-0,honest
ORD-1343,1671.15,2025-09-14T08:22:38.880Z,CUST-13,honest
ORD-1344,897.48,2025-02-28T08:22:38.880Z,CUST-351,honest
ORD-1345,111.09,2025-05-17T08:22:38.880Z,CUST-263,honest
ORD-1346,162.07,2025-10-04T08:22:38.880Z,CUST-264,honest
ORD-1347,2014.1,2025-07-30T08:22:38.880Z,CUST-467,honest
ORD-1348,2317.37,2025-08-21T08:22:38.880Z,CUST-323,honest
ORD-1349,8746.53,2025-09-22T08:22:38.880Z,CUST-306,honest
ORD-1350,20.65,2025-03-20T08:22:38.880Z,CUST-44,honest
ORD-1351,484.16,2025-07-11T08:22:38.880Z,CUST-63,honest
ORD-1352,1733.39,2025-02-18T08:22:38.880Z,CUST-57,honest
ORD-1353,28.82,2025-06-27T08:22:38.880Z,CUST-154,honest
ORD-1354,17.8,2025-02-12T08:22:38.880Z,CUST-376,honest
ORD-1355,82.45,2025-03-14T08:22:38.880Z,CUST-319,honest
ORD-1356,3330.99,2025-05-13T08:22:38.880Z,CUST-197,honest
ORD-1357,2605.75,2025-10-30T08:22:38.880Z,CUST-361,honest
ORD-1358,38.9,2025-08-20T08:22:38.880Z,CUST-407,honest
ORD-1359,745.83,2025-01-25T08:22:38.880Z,CUST-201,honest
ORD-1360,1952.9,2025-03-27T08:22:38.880Z,CUST-463,honest
ORD-1361,40.08,2025-06-24T08:22:38.880Z,CUST-318,honest
ORD-1362,37.56,2025-08-18T08:22:38.880Z,CUST-474,honest
ORD-1363,9275.68,2025-07-14T08:22:38.880Z,CUST-213,honest
ORD-1364,1015.29,2025-03-02T08:22:38.880Z,CUST-363,honest
ORD-1365,726.86,2025-03-21T08:22:38.880Z,CUST-172,honest
ORD-1366,14.05,2025-05-04T08:22:38.880Z,CUST-467,honest
ORD-1367,9911.31,2025-03-02T08:22:38.880Z,CUST-192,honest
ORD-1368,312.92,2025-08-06T08:22:38.880Z,CUST-423,honest
ORD-1369,74.08,2025-12-25T08:22:38.880Z,CUST-221,honest
ORD-1370,2563.12,2025-09-20T08:22:38.880Z,CUST-180,honest
ORD-1371,48.5,2025-11-01T08:22:38.880Z,CUST-343,honest
ORD-1372,13.16,2025-11-11T08:22:38.880Z,CUST-455,honest
ORD-1373,87.57,2025-05-30T08:22:38.880Z,CUST-393,honest
ORD-1374,11.27,2025-11-02T08:22:38.880Z,CUST-417,honest
ORD-1375,24.42,2026-01-10T08:22:38.880Z,CUST-488,honest
ORD-1376,3613.08,2025-03-18T08:22:38.880Z,CUST-365,honest
ORD-1377,223.6,2025-12-27T08:22:38.880Z,CUST-191,honest
ORD-1378,25.21,2025-10-21T08:22:38.880Z,CUST-210,honest
ORD-1379,142.37,2025-11-26T08:22:38.880Z,CUST-398,honest
ORD-1380,50.48,2025-05-19T08:22:38.880Z,CUST-61,honest
ORD-1381,3075.24,2025-11-05T08:22:38.880Z,CUST-213,honest
ORD-1382,469.97,2025-03-17T08:22:38.880Z,CUST-41,honest
ORD-1383,1110.68,2025-09-18T08:22:38.880Z,CUST-268,honest
ORD-1384,705.12,2025-02-12T08:22:38.880Z,CUST-169,honest
ORD-1385,1133.69,2025-12-21T08:22:38.880Z,CUST-395,honest
ORD-1386,43.48,2025-03-22T08:22:38.880Z,CUST-10,honest
ORD-1387,11.44,2025-06-29T08:22:38.880Z,CUST-420,honest
ORD-1388,2010.16,2025-02-09T08:22:38.880Z,CUST-87,honest
ORD-1389,386.28,2025-08-17T08:22:38.880Z,CUST-88,honest
ORD-1390,40.39,2025-10-21T08:22:38.880Z,CUST-157,honest
ORD-1391,219.58,2025-02-15T08:22:38.880Z,CUST-195,honest
ORD-1392,66.44,2025-02-15T08:22:38.880Z,CUST-104,honest
ORD-1393,5215.42,2025-11-22T08:22:38.880Z,CUST-360,honest
ORD-1394,7864.18,2025-12-09T08:22:38.880Z,CUST-168,honest
ORD-1395,26.51,2025-07-17T08:22:38.880Z,CUST-442,honest
ORD-1396,2233.66,2025-12-21T08:22:38.880Z,CUST-438,honest
ORD-1397,2266.24,2025-04-24T08:22:38.880Z,CUST-404,honest
ORD-1398,6053.42,2025-06-07T08:22:38.880Z,CUST-314,honest
ORD-1399,47.49,2025-01-11T08:22:38.880Z,CUST-358,honest
ORD-1400,189.33,2025-09-11T08:22:38.880Z,CUST-318,honest
ORD-1401,955.89,2025-07-19T08:22:38.880Z,CUST-316,honest
ORD-1402,75.72,2025-03-07T08:22:38.880Z,CUST-146,honest
ORD-1403,743.74,2025-02-17T08:22:38.880Z,CUST-264,honest
ORD-1404,801.39,2025-12-25T08:22:38.880Z,CUST-227,honest
ORD-1405,8010.06,2025-12-30T08:22:38.880Z,CUST-380,honest
ORD-1406,71.67,2025-06-17T08:22:38.880Z,CUST-142,honest
ORD-1407,537.37,2025-09-06T08:22:38.880Z,CUST-384,honest
ORD-1408,27.49,2025-03-31T08:22:38.880Z,CUST-315,honest
ORD-1409,57.63,2025-07-24T08:22:38.880Z,CUST-113,honest
ORD-1410,8694.14,2025-01-26T08:22:38.880Z,CUST-401,honest
ORD-1411,27.98,2025-10-23T08:22:38.880Z,CUST-476,honest
ORD-1412,16.6,2025-08-17T08:22:38.880Z,CUST-345,honest
ORD-1413,1976.52,2025-07-04T08:22:38.880Z,CUST-184,honest
ORD-1414,68.4,2025-06-24T08:22:38.880Z,CUST-11,honest
ORD-1415,696.92,2025-07-08T08:22:38.880Z,CUST-178,honest
ORD-1416,1053.86,2025-07-30T08:22:38.880Z,CUST-258,honest
ORD-1417,324.27,2025-04-13T08:22:38.880Z,CUST-455,honest
ORD-1418,78.07,2025-09-10T08:22:38.880Z,CUST-194,honest
ORD-1419,6663.34,2025-03-04T08:22:38.880Z,CUST-147,honest
ORD-1420,9831.43,2025-09-08T08:22:38.880Z,CUST-337,honest
ORD-1421,101.52,2025-06-26T08:22:38.880Z,CUST-152,honest
ORD-1422,90.59,2025-08-21T08:22:38.880Z,CUST-428,honest
ORD-1423,530.62,2025-08-06T08:22:38.880Z,CUST-184,honest
ORD-1424,9115.42,2025-10-06T08:22:38.880Z,CUST-368,honest
ORD-1425,219.83,2025-08-15T08:22:38.880Z,CUST-205,honest
ORD-1426,58.42,2025-06-26T08:22:38.880Z,CUST-134,honest
ORD-1427,1191.83,2025-11-11T08:22:38.880Z,CUST-139,honest
ORD-1428,1537.72,2025-01-24T08:22:38.880Z,CUST-290,honest
ORD-1429,20.18,2025-11-09T08:22:38.880Z,CUST-319,honest
ORD-1430,19.08,2025-09-18T08:22:38.880Z,CUST-422,honest
ORD-1431,1877.7,2025-06-24T08:22:38.880Z,CUST-150,honest
ORD-1432,59.66,2025-11-14T08:22:38.880Z,CUST-111,honest
ORD-1433,292.7,2025-06-14T08:22:38.880Z,CUST-441,honest
ORD-1434,13.86,2025-11-01T08:22:38.880Z,CUST-36,honest
ORD-1435,2813.14,2025-09-20T08:22:38.880Z,CUST-144,honest
ORD-1436,26.23,2025-06-29T08:22:38.880Z,CUST-68,honest
ORD-1437,283.82,2025-10-14T08:22:38.880Z,CUST-297,honest
ORD-1438,5444.83,2025-11-05T08:22:38.880Z,CUST-61,honest
ORD-1439,34.34,2025-06-03T08:22:38.880Z,CUST-270,honest
ORD-1440,584.52,2025-08-15T08:22:38.880Z,CUST-334,honest
ORD-1441,273.1,2025-07-26T08:22:38.880Z,CUST-218,honest
ORD-1442,210.8,2025-08-24T08:22:38.880Z,CUST-207,honest
ORD-1443,1259.99,2025-08-14T08:22:38.880Z,CUST-492,honest
ORD-1444,1761.26,2025-03-19T08:22:38.880Z,CUST-343,honest
ORD-1445,82.21,2025-10-30T08:22:38.880Z,CUST-89,honest
ORD-1446,5142.08,2025-01-19T08:22:38.880Z,CUST-361,honest
ORD-1447,177.83,2025-07-05T08:22:38.880Z,CUST-346,honest
ORD-1448,37.63,2025-04-17T08:22:38.880Z,CUST-428,honest
ORD-1449,62.56,2025-02-23T08:22:38.880Z,CUST-311,honest
ORD-1450,13.03,2025-08-12T08:22:38.880Z,CUST-145,honest
ORD-1451,25.74,2025-03-14T08:22:38.880Z,CUST-399,honest
ORD-1452,331.37,2025-05-19T08:22:38.880Z,CUST-326,honest
ORD-1453,23.2,2025-04-26T08:22:38.880Z,CUST-214,honest
ORD-1454,1411.45,2025-05-04T08:22:38.880Z,CUST-434,honest
ORD-1455,249.86,2025-07-19T08:22:38.880Z,CUST-231,honest
ORD-1456,720.31,2025-11-03T08:22:38.880Z,CUST-387,honest
ORD-1457,2322.86,2025-06-11T08:22:38.880Z,CUST-342,honest
ORD-1458,495.74,2025-12-20T08:22:38.880Z,CUST-147,honest
ORD-1459,3870.13,2025-01-27T08:22:38.880Z,CUST-233,honest
ORD-1460,35.34,2025-09-01T08:22:38.880Z,CUST-439,honest
ORD-1461,18.21,2025-08-03T08:22:38.880Z,CUST-186,honest
ORD-1462,3078.3,2025-05-16T08:22:38.880Z,CUST-445,honest
ORD-1463,372.72,2026-01-10T08:22:38.880Z,CUST-221,honest
ORD-1464,31.62,2025-04-11T08:22:38.880Z,CUST-127,honest
ORD-1465,79.08,2025-04-06T08:22:38.880Z,CUST-453,honest
ORD-1466,3601.01,2025-01-16T08:22:38.880Z,CUST-105,honest
ORD-1467,4705.85,2025-11-26T08:22:38.880Z,CUST-185,honest
ORD-1468,338.04,2025-08-07T08:22:38.880Z,CUST-224,honest
ORD-1469,21.96,2025-05-02T08:22:38.880Z,CUST-151,honest
ORD-1470,92.53,2025-12-03T08:22:38.880Z,CUST-350,honest
ORD-1471,593.23,2025-12-06T08:22:38.880Z,CUST-331,honest
ORD-1472,44.38,2025-09-11T08:22:38.880Z,CUST-240,honest
ORD-1473,1730.7,2025-08-31T08:22:38.880Z,CUST-2,honest
ORD-1474,13.83,2025-07-02T08:22:38.880Z,CUST-195,honest
ORD-1475,1944.72,2025-11-11T08:22:38.880Z,CUST-401,honest
ORD-1476,358.05,2025-02-06T08:22:38.880Z,CUST-441,honest
ORD-1477,49.99,2025-07-16T08:22:38.880Z,CUST-310,honest
ORD-1478,197.67,2025-02-14T08:22:38.880Z,CUST-393,honest
ORD-1479,860.52,2025-12-21T08:22:38.880Z,CUST-31,honest
ORD-1480,4519.53,2025-09-10T08:22:38.880Z,CUST-0,honest
ORD-1481,9786.12,2026-01-09T08:22:38.880Z,CUST-152,honest
ORD-1482,3428.17,2025-03-18T08:22:38.880Z,CUST-48,honest
ORD-1483,320.72,2025-09-15T08:22:38.880Z,CUST-233,honest
ORD-1484,11.53,2025-07-14T08:22:38.880Z,CUST-156,honest
ORD-1485,222.04,2025-09-11T08:22:38.880Z,CUST-499,honest
ORD-1486,559.68,2026-01-02T08:22:38.881Z,CUST-459,honest
ORD-1487,101.65,2025-02-19T08:22:38.881Z,CUST-197,honest
ORD-1488,868.49,2025-02-25T08:22:38.881Z,CUST-199,honest
ORD-1489,26.11,2025-02-21T08:22:38.881Z,CUST-291,honest
ORD-1490,13.5,2025-05-02T08:22:38.881Z,CUST-16,honest
ORD-1491,36.04,2025-11-05T08:22:38.881Z,CUST-49,honest
ORD-1492,142.82,2025-11-18T08:22:38.881Z,CUST-428,honest
ORD-1493,105.4,2025-11-27T08:22:38.881Z,CUST-422,honest
ORD-1494,477.35,2025-12-08T08:22:38.881Z,CUST-181,honest
ORD-1495,1605.62,2025-11-27T08:22:38.881Z,CUST-112,honest
ORD-1496,4201.85,2025-11-10T08:22:38.881Z,CUST-89,honest
ORD-1497,71.34,2025-10-06T08:22:38.881Z,CUST-176,honest
ORD-1498,377.89,2025-09-01T08:22:38.881Z,CUST-456,honest
ORD-1499,6151.03,2025-01-26T08:22:38.881Z,CUST-89,honest
ORD-1500,163.33,2025-12-10T08:22:38.881Z,CUST-430,honest
ORD-1501,5970.99,2025-07-27T08:22:38.881Z,CUST-157,honest
ORD-1502,61.28,2025-12-26T08:22:38.881Z,CUST-94,honest
ORD-1503,40.27,2025-10-23T08:22:38.881Z,CUST-44,honest
ORD-1504,929.38,2025-06-12T08:22:38.881Z,CUST-101,honest
ORD-1505,4721.75,2025-09-04T08:22:38.881Z,CUST-468,honest
ORD-1506,1247.45,2025-10-19T08:22:38.881Z,CUST-15,honest
ORD-1507,63.81,2025-01-24T08:22:38.881Z,CUST-476,honest
ORD-1508,325.24,2025-05-15T08:22:38.881Z,CUST-259,honest
ORD-1509,2855.45,2025-07-10T08:22:38.881Z,CUST-330,honest
ORD-1510,19.41,2025-08-28T08:22:38.881Z,CUST-63,honest
ORD-1511,64.21,2025-11-22T08:22:38.881Z,CUST-238,honest
ORD-1512,674.51,2025-01-25T08:22:38.881Z,CUST-86,honest
ORD-1513,1162.95,2025-12-12T08:22:38.881Z,CUST-358,honest
ORD-1514,499.6,2025-04-24T08:22:38.881Z,CUST-67,honest
ORD-1515,1302.6,2025-03-22T08:22:38.881Z,CUST-372,honest
ORD-1516,27.22,2025-10-19T08:22:38.881Z,CUST-330,honest
ORD-1517,7896.66,2025-07-16T08:22:38.881Z,CUST-297,honest
ORD-1518,1867.19,2025-01-29T08:22:38.881Z,CUST-387,honest
ORD-1519,46.72,2025-09-12T08:22:38.881Z,CUST-217,honest
ORD-1520,67.66,2025-02-14T08:22:38.881Z,CUST-49,honest
ORD-1521,51.85,2025-06-07T08:22:38.881Z,CUST-361,honest
ORD-1522,278.87,2025-11-08T08:22:38.881Z,CUST-380,honest
ORD-1523,46.64,2025-09-05T08:22:38.881Z,CUST-196,honest
ORD-1524,5617.03,2025-08-31T08:22:38.881Z,CUST-244,honest
ORD-1525,242.85,2025-03-24T08:22:38.881Z,CUST-37,honest
ORD-1526,1514.77,2025-04-01T08:22:38.881Z,CUST-384,honest
ORD-1527,20.65,2025-11-27T08:22:38.881Z,CUST-44,honest
ORD-1528,1997.91,2025-12-01T08:22:38.881Z,CUST-371,honest
ORD-1529,4082.27,2026-01-05T08:22:38.881Z,CUST-198,honest
ORD-1530,770.13,2025-10-18T08:22:38.881Z,CUST-350,honest
ORD-1531,3541.07,2025-05-28T08:22:38.881Z,CUST-460,honest
ORD-1532,61.26,2025-02-11T08:22:38.881Z,CUST-133,honest
ORD-1533,2159.3,2025-11-17T08:22:38.881Z,CUST-61,honest
ORD-1534,206.45,2025-02-22T08:22:38.881Z,CUST-75,honest
ORD-1535,2267.24,2025-12-18T08:22:38.881Z,CUST-472,honest
ORD-1536,46.52,2025-06-29T08:22:38.881Z,CUST-360,honest
ORD-1537,70.41,2025-02-26T08:22:38.881Z,CUST-478,honest
ORD-1538,176.94,2025-05-29T08:22:38.881Z,CUST-91,honest
ORD-1539,14.98,2025-12-25T08:22:38.881Z,CUST-363,honest
ORD-1540,5895.39,2025-01-13T08:22:38.881Z,CUST-393,honest
ORD-1541,529.25,2025-07-15T08:22:38.881Z,CUST-346,honest
ORD-1542,36.53,2025-09-08T08:22:38.881Z,CUST-420,honest
ORD-1543,696.28,2025-07-16T08:22:38.881Z,CUST-418,honest
ORD-1544,22.57,2025-10-31T08:22:38.881Z,CUST-297,honest
ORD-1545,328.45,2025-11-10T08:22:38.881Z,CUST-483,honest
ORD-1546,189.29,2025-06-02T08:22:38.881Z,CUST-322,honest
ORD-1547,318.5,2025-12-14T08:22:38.881Z,CUST-163,honest
ORD-1548,649.23,2025-05-24T08:22:38.881Z,CUST-148,honest
ORD-1549,130.09,2025-11-16T08:22:38.881Z,CUST-224,honest
ORD-1550,104.85,2025-09-24T08:22:38.881Z,CUST-169,honest
ORD-1551,3455.03,2025-06-05T08:22:38.881Z,CUST-376,honest
ORD-1552,284.2,2025-12-29T08:22:38.881Z,CUST-326,honest
ORD-1553,18.61,2025-10-03T08:22:38.881Z,CUST-2,honest
ORD-1554,396.49,2025-06-26T08:22:38.881Z,CUST-221,honest
ORD-1555,21.67,2025-09-16T08:22:38.881Z,CUST-300,honest
ORD-1556,201.42,2025-10-02T08:22:38.881Z,CUST-463,honest
ORD-1557,1736.33,2025-12-30T08:22:38.881Z,CUST-117,honest
ORD-1558,1813.86,2025-02-19T08:22:38.881Z,CUST-297,honest
ORD-1559,395.02,2025-05-28T08:22:38.881Z,CUST-344,honest
ORD-1560,8542.68,2025-07-05T08:22:38.881Z,CUST-382,honest
ORD-1561,1709.06,2025-07-11T08:22:38.881Z,CUST-14,honest
ORD-1562,1916.9,2025-10-29T08:22:38.881Z,CUST-448,honest
ORD-1563,875.23,2025-05-03T08:22:38.881Z,CUST-134,honest
ORD-1564,48.89,2025-01-18T08:22:38.881Z,CUST-60,honest
ORD-1565,98.98,2025-05-09T08:22:38.881Z,CUST-3,honest
ORD-1566,72.88,2025-05-27T08:22:38.881Z,CUST-441,honest
ORD-1567,114.01,2025-03-23T08:22:38.881Z,CUST-486,honest
ORD-1568,469.19,2025-06-10T08:22:38.881Z,CUST-41,honest
ORD-1569,13.04,2025-04-09T08:22:38.881Z,CUST-350,honest
ORD-1570,15.93,2025-09-03T08:22:38.881Z,CUST-289,honest
ORD-1571,14.95,2025-06-07T08:22:38.881Z,CUST-403,honest
ORD-1572,13.8,2025-08-20T08:22:38.881Z,CUST-449,honest
ORD-1573,131.49,2025-06-14T08:22:38.881Z,CUST-227,honest
ORD-1574,25.68,2025-09-04T08:22:38.881Z,CUST-415,honest
ORD-1575,41.2,2025-06-14T08:22:38.881Z,CUST-67,honest
ORD-1576,4010.59,2025-07-28T08:22:38.881Z,CUST-256,honest
ORD-1577,4175.31,2025-05-29T08:22:38.881Z,CUST-420,honest
ORD-1578,48.53,2025-07-30T08:22:38.881Z,CUST-215,honest
ORD-1579,125.15,2025-08-29T08:22:38.881Z,CUST-408,honest
ORD-1580,9931.92,2025-06-06T08:22:38.881Z,CUST-410,honest
ORD-1581,15.3,2025-06-29T08:22:38.881Z,CUST-280,honest
ORD-1582,24.55,2025-07-17T08:22:38.881Z,CUST-28,honest
ORD-1583,19.47,2025-06-23T08:22:38.881Z,CUST-160,honest
ORD-1584,57.35,2025-01-27T08:22:38.881Z,CUST-252,honest
ORD-1585,3488.75,2025-12-19T08:22:38.881Z,CUST-352,honest
ORD-1586,241.17,2025-10-06T08:22:38.881Z,CUST-17,honest
ORD-1587,3665,2025-08-21T08:22:38.881Z,CUST-389,honest
ORD-1588,2642.81,2025-11-08T08:22:38.881Z,CUST-403,honest
ORD-1589,87.62,2025-05-30T08:22:38.881Z,CUST-4,honest
ORD-1590,2803.27,2025-07-27T08:22:38.881Z,CUST-205,honest
ORD-1591,5040.12,2025-12-29T08:22:38.881Z,CUST-376,honest
ORD-1592,21.95,2025-04-29T08:22:38.881Z,CUST-117,honest
ORD-1593,73.4,2025-06-24T08:22:38.881Z,CUST-303,honest
ORD-1594,42.55,2025-08-27T08:22:38.881Z,CUST-29,honest
ORD-1595,68.12,2025-05-23T08:22:38.881Z,CUST-105,honest
ORD-1596,522.34,2025-03-02T08:22:38.881Z,CUST-48,honest
ORD-1597,2327.97,2025-10-21T08:22:38.881Z,CUST-457,honest
ORD-1598,11.18,2025-08-05T08:22:38.881Z,CUST-304,honest
ORD-1599,1526.41,2025-06-18T08:22:38.881Z,CUST-456,honest
ORD-1600,172.58,2025-06-23T08:22:38.881Z,CUST-67,honest
ORD-1601,78.99,2025-11-16T08:22:38.881Z,CUST-209,honest
ORD-1602,19.44,2025-10-19T08:22:38.881Z,CUST-474,honest
ORD-1603,32.29,2025-08-07T08:22:38.881Z,CUST-357,honest
ORD-1604,2659.67,2025-07-23T08:22:38.881Z,CUST-120,honest
ORD-1605,38.88,2025-03-19T08:22:38.881Z,CUST-464,honest
ORD-1606,99.13,2025-10-13T08:22:38.881Z,CUST-410,honest
ORD-1607,73.97,2025-03-04T08:22:38.881Z,CUST-483,honest
ORD-1608,1853.68,2025-10-22T08:22:38.881Z,CUST-289,honest
ORD-1609,156.94,2025-04-15T08:22:38.881Z,CUST-274,honest
ORD-1610,5531.15,2025-08-10T08:22:38.881Z,CUST-199,honest
ORD-1611,19.59,2025-02-12T08:22:38.881Z,CUST-359,honest
ORD-1612,10.16,2025-10-09T08:22:38.881Z,CUST-425,honest
ORD-1613,18.48,2025-09-01T08:22:38.881Z,CUST-444,honest
ORD-1614,458.9,2025-04-06T08:22:38.881Z,CUST-168,honest
ORD-1615,424.42,2025-12-06T08:22:38.881Z,CUST-221,honest
ORD-1616,1894.42,2025-04-11T08:22:38.881Z,CUST-305,honest
ORD-1617,1392.7,2025-08-17T08:22:38.881Z,CUST-299,honest
ORD-1618,881.61,2025-05-09T08:22:38.881Z,CUST-251,honest
ORD-1619,17.22,2025-12-07T08:22:38.881Z,CUST-403,honest
ORD-1620,3144.7,2025-04-16T08:22:38.881Z,CUST-56,honest
ORD-1621,494.05,2025-02-17T08:22:38.881Z,CUST-442,honest
ORD-1622,642.62,2025-03-14T08:22:38.881Z,CUST-331,honest
ORD-1623,24.84,2025-12-12T08:22:38.881Z,CUST-2,honest
ORD-1624,799.25,2025-05-27T08:22:38.881Z,CUST-274,honest
ORD-1625,194.95,2025-09-13T08:22:38.881Z,CUST-94,honest
ORD-1626,855.83,2025-02-28T08:22:38.881Z,CUST-169,honest
ORD-1627,2135.67,2025-06-04T08:22:38.881Z,CUST-36,honest
ORD-1628,5568.61,2025-05-09T08:22:38.881Z,CUST-341,honest
ORD-1629,5601.69,2025-12-01T08:22:38.881Z,CUST-114,honest
ORD-1630,207.74,2025-10-01T08:22:38.881Z,CUST-130,honest
ORD-1631,1503.13,2025-08-29T08:22:38.881Z,CUST-471,honest
ORD-1632,19.31,2025-05-02T08:22:38.881Z,CUST-357,honest
ORD-1633,157.02,2025-03-10T08:22:38.881Z,CUST-428,honest
ORD-1634,227.42,2025-05-20T08:22:38.881Z,CUST-181,honest
ORD-1635,4482.03,2025-12-30T08:22:38.881Z,CUST-129,honest
ORD-1636,1878.57,2025-09-30T08:22:38.881Z,CUST-442,honest
ORD-1637,8723.23,2025-03-18T08:22:38.881Z,CUST-142,honest
ORD-1638,756.86,2025-11-17T08:22:38.881Z,CUST-63,honest
ORD-1639,12.33,2025-06-07T08:22:38.881Z,CUST-342,honest
ORD-1640,65.39,2025-09-09T08:22:38.881Z,CUST-74,honest
ORD-1641,13.55,2025-05-22T08:22:38.881Z,CUST-95,honest
ORD-1642,66.42,2025-03-22T08:22:38.881Z,CUST-186,honest
ORD-1643,20.24,2025-02-02T08:22:38.881Z,CUST-273,honest
ORD-1644,496.41,2025-12-27T08:22:38.881Z,CUST-313,honest
ORD-1645,168.46,2025-03-30T08:22:38.881Z,CUST-36,honest
ORD-1646,5131.06,2025-05-14T08:22:38.881Z,CUST-332,honest
ORD-1647,15.22,2025-09-30T08:22:38.881Z,CUST-8,honest
ORD-1648,17.94,2025-10-02T08:22:38.881Z,CUST-81,honest
ORD-1649,727.83,2025-12-27T08:22:38.881Z,CUST-194,honest
ORD-1650,12.53,2025-03-17T08:22:38.881Z,CUST-464,honest
ORD-1651,48.2,2026-01-05T08:22:38.881Z,CUST-262,honest
ORD-1652,20.41,2025-01-20T08:22:38.881Z,CUST-6,honest
ORD-1653,16.3,2025-07-21T08:22:38.881Z,CUST-117,honest
ORD-1654,8027.6,2025-04-25T08:22:38.881Z,CUST-448,honest
ORD-1655,19.65,2025-09-24T08:22:38.881Z,CUST-412,honest
ORD-1656,4387.66,2025-02-24T08:22:38.881Z,CUST-76,honest
ORD-1657,9365.3,2025-04-22T08:22:38.881Z,CUST-0,honest
ORD-1658,37.35,2025-12-04T08:22:38.881Z,CUST-112,honest
ORD-1659,36.3,2025-01-16T08:22:38.881Z,CUST-168,honest
ORD-1660,671.42,2025-07-22T08:22:38.881Z,CUST-137,honest
ORD-1661,7620.68,2025-07-19T08:22:38.881Z,CUST-120,honest
ORD-1662,25.94,2025-07-11T08:22:38.881Z,CUST-391,honest
ORD-1663,1564.24,2025-11-11T08:22:38.881Z,CUST-215,honest
ORD-1664,1384.64,2025-04-20T08:22:38.881Z,CUST-46,honest
ORD-1665,54.79,2025-11-29T08:22:38.881Z,CUST-137,honest
ORD-1666,765.34,2025-06-26T08:22:38.881Z,CUST-440,honest
ORD-1667,205.82,2025-12-27T08:22:38.881Z,CUST-148,honest
ORD-1668,909.04,2025-01-30T08:22:38.881Z,CUST-253,honest
ORD-1669,220.05,2025-04-25T08:22:38.881Z,CUST-29,honest
ORD-1670,3123.66,2025-09-02T08:22:38.881Z,CUST-123,honest
ORD-1671,404.74,2025-10-19T08:22:38.881Z,CUST-28,honest
ORD-1672,286.4,2025-10-22T08:22:38.881Z,CUST-95,honest
ORD-1673,3957.99,2025-12-26T08:22:38.881Z,CUST-296,honest
ORD-1674,917.29,2025-05-15T08:22:38.881Z,CUST-102,honest
ORD-1675,86.16,2026-01-01T08:22:38.881Z,CUST-2,honest
ORD-1676,61.99,2025-06-20T08:22:38.881Z,CUST-131,honest
ORD-1677,3718.19,2025-01-19T08:22:38.881Z,CUST-218,honest
ORD-1678,2966.38,2025-04-05T08:22:38.881Z,CUST-314,honest
ORD-1679,547.19,2025-08-09T08:22:38.881Z,CUST-277,honest
ORD-1680,1762.44,2025-10-13T08:22:38.881Z,CUST-399,honest
ORD-1681,150.47,2025-09-01T08:22:38.881Z,CUST-380,honest
ORD-1682,13.31,2025-04-28T08:22:38.881Z,CUST-187,honest
ORD-1683,2833.88,2025-09-11T08:22:38.881Z,CUST-78,honest
ORD-1684,358.81,2025-04-13T08:22:38.881Z,CUST-80,honest
ORD-1685,2841.54,2025-06-16T08:22:38.881Z,CUST-295,honest
ORD-1686,515.79,2025-11-23T08:22:38.881Z,CUST-44,honest
ORD-1687,85.55,2025-10-11T08:22:38.881Z,CUST-13,honest
ORD-1688,2308.78,2025-12-17T08:22:38.881Z,CUST-258,honest
ORD-1689,68.84,2025-07-21T08:22:38.881Z,CUST-224,honest
ORD-1690,15.11,2025-01-12T08:22:38.881Z,CUST-184,honest
ORD-1691,6698.38,2025-05-27T08:22:38.881Z,CUST-365,honest
ORD-1692,6019.26,2025-06-30T08:22:38.881Z,CUST-1,honest
ORD-1693,1636.85,2025-10-26T08:22:38.881Z,CUST-92,honest
ORD-1694,4692.31,2025-07-09T08:22:38.881Z,CUST-275,honest
ORD-1695,2223.99,2025-07-30T08:22:38.881Z,CUST-132,honest
ORD-1696,55.41,2025-08-17T08:22:38.881Z,CUST-490,honest
ORD-1697,1041.73,2025-12-22T08:22:38.881Z,CUST-412,honest
ORD-1698,796.03,2026-01-02T08:22:38.881Z,CUST-186,honest
ORD-1699,726.23,2025-10-05T08:22:38.881Z,CUST-410,honest
ORD-1700,325.51,2025-07-28T08:22:38.882Z,CUST-205,honest
ORD-1701,2509.6,2025-02-13T08:22:38.882Z,CUST-292,honest
ORD-1702,151.05,2025-04-18T08:22:38.882Z,CUST-467,honest
ORD-1703,2234.88,2025-11-30T08:22:38.882Z,CUST-330,honest
ORD-1704,342.62,2025-11-20T08:22:38.882Z,CUST-389,honest
ORD-1705,4920.52,2026-01-10T08:22:38.882Z,CUST-71,honest
ORD-1706,67.27,2025-05-07T08:22:38.882Z,CUST-423,honest
ORD-1707,64.75,2025-01-24T08:22:38.882Z,CUST-26,honest
ORD-1708,21.01,2025-01-31T08:22:38.882Z,CUST-5,honest
ORD-1709,41.19,2025-04-05T08:22:38.882Z,CUST-141,honest
ORD-1710,12.01,2025-10-08T08:22:38.882Z,CUST-440,honest
ORD-1711,72.4,2025-02-03T08:22:38.882Z,CUST-432,honest
ORD-1712,6426.95,2025-08-07T08:22:38.882Z,CUST-405,honest
ORD-1713,1873.84,2025-06-01T08:22:38.882Z,CUST-7,honest
ORD-1714,4767.76,2025-07-26T08:22:38.882Z,CUST-392,honest
ORD-1715,46.37,2025-05-04T08:22:38.882Z,CUST-66,honest
ORD-1716,89.15,2025-11-26T08:22:38.882Z,CUST-398,honest
ORD-1717,1492.74,2025-12-03T08:22:38.882Z,CUST-408,honest
ORD-1718,226.76,2025-02-15T08:22:38.882Z,CUST-114,honest
ORD-1719,68.43,2025-04-08T08:22:38.882Z,CUST-87,honest
ORD-1720,7099.29,2025-06-25T08:22:38.882Z,CUST-232,honest
ORD-1721,15.5,2025-09-24T08:22:38.882Z,CUST-12,honest
ORD-1722,8169.69,2025-06-04T08:22:38.882Z,CUST-140,honest
ORD-1723,118.99,2025-03-21T08:22:38.882Z,CUST-242,honest
ORD-1724,519,2026-01-05T08:22:38.882Z,CUST-190,honest
ORD-1725,63.16,2026-01-08T08:22:38.882Z,CUST-155,honest
ORD-1726,553.54,2025-11-25T08:22:38.882Z,CUST-126,honest
ORD-1727,35.33,2025-01-25T08:22:38.882Z,CUST-247,honest
ORD-1728,451.4,2025-07-13T08:22:38.882Z,CUST-316,honest
ORD-1729,20.38,2025-05-21T08:22:38.882Z,CUST-175,honest
ORD-1730,83.58,2025-03-25T08:22:38.882Z,CUST-396,honest
ORD-1731,1519.82,2025-02-20T08:22:38.882Z,CUST-264,honest
ORD-1732,7456.42,2025-11-17T08:22:38.882Z,CUST-451,honest
ORD-1733,19.84,2025-01-21T08:22:38.882Z,CUST-158,honest
ORD-1734,104.97,2025-05-23T08:22:38.882Z,CUST-378,honest
ORD-1735,3786.59,2025-06-14T08:22:38.882Z,CUST-390,honest
ORD-1736,3556.79,2025-03-10T08:22:38.882Z,CUST-1,honest
ORD-1737,60.09,2025-07-30T08:22:38.882Z,CUST-284,honest
ORD-1738,46.72,2025-02-15T08:22:38.882Z,CUST-133,honest
ORD-1739,370.77,2025-10-02T08:22:38.882Z,CUST-117,honest
ORD-1740,23.36,2025-01-21T08:22:38.882Z,CUST-355,honest
ORD-1741,169.38,2025-03-09T08:22:38.882Z,CUST-400,honest
ORD-1742,1585.04,2025-12-28T08:22:38.882Z,CUST-341,honest
ORD-1743,881.63,2025-02-01T08:22:38.882Z,CUST-291,honest
ORD-1744,346.6,2025-11-21T08:22:38.882Z,CUST-129,honest
ORD-1745,238.67,2025-11-16T08:22:38.882Z,CUST-462,honest
ORD-1746,35.88,2025-03-10T08:22:38.882Z,CUST-467,honest
ORD-1747,3841,2025-07-30T08:22:38.882Z,CUST-122,honest
ORD-1748,799.15,2025-08-18T08:22:38.882Z,CUST-184,honest
ORD-1749,56.58,2025-07-09T08:22:38.882Z,CUST-60,honest
ORD-1750,119.01,2025-02-23T08:22:38.882Z,CUST-459,honest
ORD-1751,145.33,2025-10-31T08:22:38.882Z,CUST-282,honest
ORD-1752,996.17,2025-11-23T08:22:38.882Z,CUST-244,honest
ORD-1753,6539.27,2025-04-01T08:22:38.882Z,CUST-180,honest
ORD-1754,1898.59,2025-09-19T08:22:38.882Z,CUST-246,honest
ORD-1755,621.53,2025-10-26T08:22:38.882Z,CUST-69,honest
ORD-1756,126.07,2025-07-27T08:22:38.882Z,CUST-384,honest
ORD-1757,375.34,2025-04-02T08:22:38.882Z,CUST-409,honest
ORD-1758,490.12,2025-02-15T08:22:38.882Z,CUST-396,honest
ORD-1759,1939.17,2025-02-03T08:22:38.882Z,CUST-150,honest
ORD-1760,680.76,2025-04-21T08:22:38.882Z,CUST-128,honest
ORD-1761,35.44,2026-01-05T08:22:38.882Z,CUST-289,honest
ORD-1762,2853.92,2025-11-29T08:22:38.882Z,CUST-46,honest
ORD-1763,17.79,2025-08-15T08:22:38.882Z,CUST-342,honest
ORD-1764,5786.38,2025-04-08T08:22:38.882Z,CUST-173,honest
ORD-1765,3292.25,2025-08-13T08:22:38.882Z,CUST-146,honest
ORD-1766,168.28,2025-08-18T08:22:38.882Z,CUST-72,honest
ORD-1767,9141.21,2025-10-01T08:22:38.882Z,CUST-263,honest
ORD-1768,89.91,2025-05-06T08:22:38.882Z,CUST-94,honest
ORD-1769,22.34,2025-07-21T08:22:38.882Z,CUST-152,honest
ORD-1770,243.29,2025-11-18T08:22:38.882Z,CUST-125,honest
ORD-1771,11.05,2025-12-17T08:22:38.882Z,CUST-280,honest
ORD-1772,15.84,2025-04-10T08:22:38.882Z,CUST-233,honest
ORD-1773,2196.01,2025-05-06T08:22:38.882Z,CUST-122,honest
ORD-1774,222.41,2025-05-12T08:22:38.882Z,CUST-369,honest
ORD-1775,14.68,2025-09-23T08:22:38.882Z,CUST-403,honest
ORD-1776,113.84,2025-07-24T08:22:38.882Z,CUST-388,honest
ORD-1777,2289.09,2025-11-18T08:22:38.882Z,CUST-338,honest
ORD-1778,1316.56,2025-07-05T08:22:38.882Z,CUST-20,honest
ORD-1779,11.2,2025-02-19T08:22:38.882Z,CUST-306,honest
ORD-1780,826.11,2025-03-09T08:22:38.882Z,CUST-199,honest
ORD-1781,67.32,2025-06-29T08:22:38.882Z,CUST-57,honest
ORD-1782,113.67,2026-01-01T08:22:38.882Z,CUST-405,honest
ORD-1783,11.03,2025-03-21T08:22:38.882Z,CUST-140,honest
ORD-1784,2761.62,2025-08-10T08:22:38.882Z,CUST-413,honest
ORD-1785,39.35,2025-08-03T08:22:38.882Z,CUST-332,honest
ORD-1786,151.53,2025-04-10T08:22:38.882Z,CUST-282,honest
ORD-1787,184.6,2025-03-02T08:22:38.882Z,CUST-6,honest
ORD-1788,18.05,2025-11-07T08:22:38.882Z,CUST-15,honest
ORD-1789,6845.95,2025-09-17T08:22:38.882Z,CUST-469,honest
ORD-1790,24.79,2025-02-02T08:22:38.882Z,CUST-208,honest
ORD-1791,235.06,2025-02-22T08:22:38.882Z,CUST-326,honest
ORD-1792,899.08,2025-06-02T08:22:38.882Z,CUST-319,honest
ORD-1793,9656.67,2025-06-30T08:22:38.882Z,CUST-179,honest
ORD-1794,6675.36,2025-05-07T08:22:38.882Z,CUST-130,honest
ORD-1795,18.87,2025-12-27T08:22:38.882Z,CUST-340,honest
ORD-1796,37.25,2025-02-15T08:22:38.882Z,CUST-283,honest
ORD-1797,761.41,2025-04-07T08:22:38.882Z,CUST-230,honest
ORD-1798,3818.59,2025-03-13T08:22:38.882Z,CUST-194,honest
ORD-1799,35.32,2025-09-09T08:22:38.882Z,CUST-44,honest
ORD-1800,2724.15,2025-01-29T08:22:38.882Z,CUST-165,honest
ORD-1801,216.69,2025-08-24T08:22:38.882Z,CUST-192,honest
ORD-1802,119.22,2025-02-06T08:22:38.882Z,CUST-13,honest
ORD-1803,99.43,2025-09-11T08:22:38.882Z,CUST-403,honest
ORD-1804,182.32,2025-03-26T08:22:38.882Z,CUST-247,honest
ORD-1805,22.51,2025-01-28T08:22:38.882Z,CUST-84,honest
ORD-1806,148.91,2025-07-18T08:22:38.882Z,CUST-389,honest
ORD-1807,167.5,2025-01-19T08:22:38.882Z,CUST-12,honest
ORD-1808,37.16,2025-07-28T08:22:38.882Z,CUST-387,honest
ORD-1809,700.98,2025-08-01T08:22:38.882Z,CUST-236,honest
ORD-1810,3647.13,2025-03-18T08:22:38.882Z,CUST-131,honest
ORD-1811,215.53,2025-06-28T08:22:38.882Z,CUST-104,honest
ORD-1812,1670.41,2025-06-16T08:22:38.882Z,CUST-422,honest
ORD-1813,2059.59,2025-04-27T08:22:38.882Z,CUST-289,honest
ORD-1814,556.2,2025-01-12T08:22:38.882Z,CUST-388,honest
ORD-1815,2509.38,2025-10-28T08:22:38.882Z,CUST-63,honest
ORD-1816,21.51,2025-01-31T08:22:38.882Z,CUST-300,honest
ORD-1817,576.67,2025-06-30T08:22:38.882Z,CUST-150,honest
ORD-1818,39.51,2025-10-16T08:22:38.882Z,CUST-396,honest
ORD-1819,1209.94,2025-10-29T08:22:38.882Z,CUST-70,honest
ORD-1820,37.8,2026-01-03T08:22:38.882Z,CUST-117,honest
ORD-1821,6705.87,2025-09-04T08:22:38.882Z,CUST-224,honest
ORD-1822,40.39,2025-12-10T08:22:38.882Z,CUST-208,honest
ORD-1823,430.91,2025-03-21T08:22:38.882Z,CUST-372,honest
ORD-1824,367.57,2025-01-29T08:22:38.882Z,CUST-233,honest
ORD-1825,3061.67,2025-02-21T08:22:38.882Z,CUST-410,honest
ORD-1826,2262.92,2025-01-27T08:22:38.882Z,CUST-303,honest
ORD-1827,1853.18,2025-08-12T08:22:38.882Z,CUST-392,honest
ORD-1828,1502.35,2025-04-18T08:22:38.882Z,CUST-339,honest
ORD-1829,2117.3,2025-08-12T08:22:38.882Z,CUST-454,honest
ORD-1830,3697.36,2025-05-26T08:22:38.882Z,CUST-414,honest
ORD-1831,314.99,2025-06-29T08:22:38.882Z,CUST-189,honest
ORD-1832,397.78,2025-09-19T08:22:38.882Z,CUST-59,honest
ORD-1833,9776.85,2025-10-18T08:22:38.882Z,CUST-269,honest
ORD-1834,39.28,2025-04-25T08:22:38.882Z,CUST-128,honest
ORD-1835,45.22,2025-03-01T08:22:38.882Z,CUST-219,honest
ORD-1836,228.43,2026-01-07T08:22:38.882Z,CUST-425,honest
ORD-1837,94.63,2026-01-01T08:22:38.882Z,CUST-285,honest
ORD-1838,294.07,2025-12-16T08:22:38.882Z,CUST-118,honest
ORD-1839,2924.84,2025-09-11T08:22:38.882Z,CUST-229,honest
ORD-1840,24.16,2025-01-25T08:22:38.882Z,CUST-8,honest
ORD-1841,889.67,2025-06-19T08:22:38.882Z,CUST-281,honest
ORD-1842,5333.66,2025-12-07T08:22:38.882Z,CUST-175,honest
ORD-1843,14.75,2025-06-16T08:22:38.882Z,CUST-433,honest
ORD-1844,6225.3,2025-02-21T08:22:38.882Z,CUST-95,honest
ORD-1845,2165.94,2025-03-02T08:22:38.882Z,CUST-220,honest
ORD-1846,1463.83,2025-01-15T08:22:38.882Z,CUST-476,honest
ORD-1847,72.7,2025-12-31T08:22:38.882Z,CUST-471,honest
ORD-1848,9111.53,2025-03-24T08:22:38.882Z,CUST-398,honest
ORD-1849,16.72,2025-07-01T08:22:38.882Z,CUST-315,honest
ORD-1850,155.42,2025-06-28T08:22:38.882Z,CUST-458,honest
ORD-1851,3917.31,2025-10-10T08:22:38.882Z,CUST-178,honest
ORD-1852,2354.84,2025-07-22T08:22:38.882Z,CUST-36,honest
ORD-1853,264.06,2025-12-04T08:22:38.882Z,CUST-60,honest
ORD-1854,31.01,2025-09-21T08:22:38.882Z,CUST-323,honest
ORD-1855,266.82,2025-03-22T08:22:38.882Z,CUST-1,honest
ORD-1856,665.94,2025-09-26T08:22:38.882Z,CUST-102,honest
ORD-1857,19.44,2025-12-30T08:22:38.882Z,CUST-471,honest
ORD-1858,333.63,2025-01-25T08:22:38.882Z,CUST-301,honest
ORD-1859,88.45,2025-02-10T08:22:38.882Z,CUST-394,honest
ORD-1860,173.69,2026-01-07T08:22:38.882Z,CUST-331,honest
ORD-1861,66.48,2025-05-14T08:22:38.882Z,CUST-92,honest
ORD-1862,4381.99,2025-12-31T08:22:38.882Z,CUST-412,honest
ORD-1863,1527.44,2025-12-22T08:22:38.882Z,CUST-337,honest
ORD-1864,147.79,2025-03-01T08:22:38.882Z,CUST-450,honest
ORD-1865,321.18,2025-04-08T08:22:38.882Z,CUST-68,honest
ORD-1866,150.18,2025-03-16T08:22:38.882Z,CUST-294,honest
ORD-1867,23.02,2025-06-14T08:22:38.882Z,CUST-234,honest
ORD-1868,2632.26,2025-06-03T08:22:38.882Z,CUST-17,honest
ORD-1869,7116.87,2025-08-01T08:22:38.882Z,CUST-260,honest
ORD-1870,1346.25,2025-06-13T08:22:38.882Z,CUST-101,honest
ORD-1871,12.88,2025-07-13T08:22:38.882Z,CUST-1,honest
ORD-1872,4468.7,2025-01-16T08:22:38.882Z,CUST-236,honest
ORD-1873,175.13,2025-06-12T08:22:38.882Z,CUST-208,honest
ORD-1874,259.93,2025-03-16T08:22:38.882Z,CUST-421,honest
ORD-1875,532.59,2025-09-18T08:22:38.882Z,CUST-343,honest
ORD-1876,15.01,2025-12-22T08:22:38.882Z,CUST-272,honest
ORD-1877,72.06,2025-10-22T08:22:38.882Z,CUST-237,honest
ORD-1878,390.82,2025-05-21T08:22:38.882Z,CUST-47,honest
ORD-1879,421.64,2026-01-10T08:22:38.882Z,CUST-468,honest
ORD-1880,595.93,2025-08-17T08:22:38.882Z,CUST-226,honest
ORD-1881,143.11,2025-02-19T08:22:38.882Z,CUST-401,honest
ORD-1882,3989.89,2025-04-22T08:22:38.882Z,CUST-307,honest
ORD-1883,20.2,2025-12-21T08:22:38.882Z,CUST-190,honest
ORD-1884,48.31,2025-10-28T08:22:38.882Z,CUST-335,honest
ORD-1885,7523.14,2025-08-05T08:22:38.882Z,CUST-161,honest
ORD-1886,31.55,2025-07-11T08:22:38.882Z,CUST-151,honest
ORD-1887,698.57,2025-01-20T08:22:38.882Z,CUST-476,honest
ORD-1888,26.26,2025-08-27T08:22:38.882Z,CUST-317,honest
ORD-1889,3977.43,2025-06-07T08:22:38.882Z,CUST-51,honest
ORD-1890,5244.96,2025-06-07T08:22:38.882Z,CUST-466,honest
ORD-1891,258.84,2025-09-19T08:22:38.882Z,CUST-33,honest
ORD-1892,1868.12,2025-07-17T08:22:38.882Z,CUST-142,honest
ORD-1893,4187.14,2025-06-26T08:22:38.882Z,CUST-265,honest
ORD-1894,5560.72,2025-04-13T08:22:38.882Z,CUST-363,honest
ORD-1895,2017.88,2025-06-19T08:22:38.882Z,CUST-449,honest
ORD-1896,579.97,2025-04-11T08:22:38.882Z,CUST-417,honest
ORD-1897,156.03,2025-11-10T08:22:38.882Z,CUST-221,honest
ORD-1898,39.79,2025-02-21T08:22:38.882Z,CUST-395,honest
ORD-1899,4780.37,2025-07-05T08:22:38.882Z,CUST-132,honest
ORD-1900,2245.53,2025-10-18T08:22:38.882Z,CUST-390,honest
ORD-1901,114.29,2025-01-11T08:22:38.882Z,CUST-440,honest
ORD-1902,18.72,2025-11-16T08:22:38.882Z,CUST-440,honest
ORD-1903,12.64,2025-08-16T08:22:38.882Z,CUST-36,honest
ORD-1904,621.94,2025-07-26T08:22:38.882Z,CUST-358,honest
ORD-1905,41.16,2025-02-25T08:22:38.882Z,CUST-20,honest
ORD-1906,24.14,2025-12-26T08:22:38.882Z,CUST-422,honest
ORD-1907,8135.4,2025-11-15T08:22:38.882Z,CUST-261,honest
ORD-1908,24.6,2025-09-03T08:22:38.882Z,CUST-84,honest
ORD-1909,24.92,2025-04-21T08:22:38.882Z,CUST-220,honest
ORD-1910,605.85,2025-10-31T08:22:38.882Z,CUST-474,honest
ORD-1911,735.35,2025-07-01T08:22:38.882Z,CUST-259,honest
ORD-1912,97.85,2025-05-31T08:22:38.882Z,CUST-160,honest
ORD-1913,2331.72,2025-12-26T08:22:38.882Z,CUST-292,honest
ORD-1914,31.55,2025-04-29T08:22:38.882Z,CUST-459,honest
ORD-1915,671.21,2025-08-22T08:22:38.882Z,CUST-481,honest
ORD-1916,222.05,2025-06-09T08:22:38.882Z,CUST-125,honest
ORD-1917,83.39,2025-05-17T08:22:38.882Z,CUST-293,honest
ORD-1918,113.11,2025-02-13T08:22:38.883Z,CUST-222,honest
ORD-1919,27.74,2025-04-15T08:22:38.883Z,CUST-391,honest
ORD-1920,162.49,2025-12-14T08:22:38.883Z,CUST-369,honest
ORD-1921,19.36,2025-03-15T08:22:38.883Z,CUST-382,honest
ORD-1922,7882.21,2025-04-04T08:22:38.883Z,CUST-416,honest
ORD-1923,18.6,2026-01-04T08:22:38.883Z,CUST-19,honest
ORD-1924,37.96,2025-04-17T08:22:38.883Z,CUST-363,honest
ORD-1925,69.38,2025-06-02T08:22:38.883Z,CUST-334,honest
ORD-1926,7578.32,2025-09-18T08:22:38.883Z,CUST-369,honest
ORD-1927,2650.8,2025-07-17T08:22:38.883Z,CUST-342,honest
ORD-1928,94.62,2025-12-23T08:22:38.883Z,CUST-219,honest
ORD-1929,26.1,2025-06-01T08:22:38.883Z,CUST-106,honest
ORD-1930,166.01,2025-11-02T08:22:38.883Z,CUST-452,honest
ORD-1931,23.17,2025-05-06T08:22:38.883Z,CUST-457,honest
ORD-1932,372.73,2025-04-01T08:22:38.883Z,CUST-236,honest
ORD-1933,16.55,2025-11-10T08:22:38.883Z,CUST-286,honest
ORD-1934,54.31,2025-05-09T08:22:38.884Z,CUST-315,honest
ORD-1935,410.09,2025-03-01T08:22:38.884Z,CUST-79,honest
ORD-1936,5310.27,2025-10-08T08:22:38.884Z,CUST-153,honest
ORD-1937,20,2025-01-29T08:22:38.884Z,CUST-208,honest
ORD-1938,3626.18,2025-09-18T08:22:38.884Z,CUST-438,honest
ORD-1939,568.59,2025-08-21T08:22:38.884Z,CUST-441,honest
ORD-1940,10.66,2025-10-11T08:22:38.884Z,CUST-151,honest
ORD-1941,644.98,2025-08-16T08:22:38.884Z,CUST-395,honest
ORD-1942,7349.15,2025-09-29T08:22:38.884Z,CUST-252,honest
ORD-1943,122.74,2025-05-09T08:22:38.884Z,CUST-317,honest
ORD-1944,17.94,2025-05-22T08:22:38.884Z,CUST-341,honest
ORD-1945,7220.74,2025-01-28T08:22:38.884Z,CUST-334,honest
ORD-1946,275.46,2025-01-28T08:22:38.884Z,CUST-35,honest
ORD-1947,1776.27,2025-03-11T08:22:38.884Z,CUST-23,honest
ORD-1948,40.65,2025-12-11T08:22:38.884Z,CUST-325,honest
ORD-1949,20.36,2025-07-30T08:22:38.884Z,CUST-469,honest
ORD-1950,43.43,2025-07-06T08:22:38.884Z,CUST-317,honest
ORD-1951,157.22,2025-06-29T08:22:38.884Z,CUST-407,honest
ORD-1952,4075.61,2025-04-02T08:22:38.884Z,CUST-283,honest
ORD-1953,298.71,2025-11-30T08:22:38.884Z,CUST-362,honest
ORD-1954,39.34,2025-10-04T08:22:38.884Z,CUST-241,honest
ORD-1955,10.78,2025-01-22T08:22:38.884Z,CUST-486,honest
ORD-1956,2512.43,2025-11-17T08:22:38.884Z,CUST-26,honest
ORD-1957,103.64,2025-04-11T08:22:38.884Z,CUST-488,honest
ORD-1958,474.99,2025-10-12T08:22:38.884Z,CUST-39,honest
ORD-1959,140.29,2026-01-06T08:22:38.884Z,CUST-343,honest
ORD-1960,5746.9,2025-07-11T08:22:38.884Z,CUST-80,honest
ORD-1961,3093.61,2025-08-05T08:22:38.884Z,CUST-493,honest
ORD-1962,13.72,2025-05-13T08:22:38.884Z,CUST-0,honest
ORD-1963,36.59,2025-03-29T08:22:38.884Z,CUST-361,honest
ORD-1964,4532.08,2025-10-11T08:22:38.884Z,CUST-377,honest
ORD-1965,122.16,2025-06-15T08:22:38.884Z,CUST-239,honest
ORD-1966,1321.14,2025-08-11T08:22:38.884Z,CUST-8,honest
ORD-1967,11.31,2025-09-17T08:22:38.884Z,CUST-164,honest
ORD-1968,2399.07,2025-07-23T08:22:38.884Z,CUST-365,honest
ORD-1969,2037.32,2025-09-10T08:22:38.884Z,CUST-232,honest
ORD-1970,85.29,2025-10-01T08:22:38.884Z,CUST-281,honest
ORD-1971,274.18,2025-12-30T08:22:38.884Z,CUST-349,honest
ORD-1972,312.9,2025-12-29T08:22:38.884Z,CUST-290,honest
ORD-1973,209.59,2025-01-30T08:22:38.884Z,CUST-333,honest
ORD-1974,4502.87,2025-10-24T08:22:38.884Z,CUST-479,honest
ORD-1975,6510.55,2025-07-17T08:22:38.884Z,CUST-351,honest
ORD-1976,1595.2,2025-09-23T08:22:38.884Z,CUST-125,honest
ORD-1977,195.98,2025-04-01T08:22:38.884Z,CUST-217,honest
ORD-1978,5007.57,2025-05-27T08:22:38.884Z,CUST-469,honest
ORD-1979,46.38,2025-08-04T08:22:38.884Z,CUST-279,honest
ORD-1980,275.11,2025-10-19T08:22:38.884Z,CUST-263,honest
ORD-1981,1843.06,2025-03-17T08:22:38.884Z,CUST-20,honest
ORD-1982,9060.03,2025-01-18T08:22:38.884Z,CUST-440,honest
ORD-1983,483.11,2025-08-31T08:22:38.884Z,CUST-225,honest
ORD-1984,894.44,2025-04-06T08:22:38.884Z,CUST-302,honest
ORD-1985,640.07,2025-11-12T08:22:38.884Z,CUST-447,honest
ORD-1986,13.52,2025-12-24T08:22:38.884Z,CUST-372,honest
ORD-1987,921.51,2025-08-29T08:22:38.884Z,CUST-482,honest
ORD-1988,1244.21,2025-11-18T08:22:38.884Z,CUST-153,honest
ORD-1989,584.66,2025-02-06T08:22:38.884Z,CUST-149,honest
ORD-1990,598.49,2025-01-27T08:22:38.884Z,CUST-290,honest
ORD-1991,195.19,2025-03-13T08:22:38.884Z,CUST-55,honest
ORD-1992,9976.94,2025-06-05T08:22:38.884Z,CUST-378,honest
ORD-1993,45.5,2025-03-04T08:22:38.884Z,CUST-215,honest
ORD-1994,99.2,2025-11-28T08:22:38.884Z,CUST-260,honest
ORD-1995,150.38,2025-02-05T08:22:38.884Z,CUST-303,honest
ORD-1996,12.1,2025-10-02T08:22:38.884Z,CUST-156,honest
ORD-1997,181.42,2025-06-23T08:22:38.884Z,CUST-88,honest
ORD-1998,30.93,2025-12-01T08:22:38.884Z,CUST-186,honest
ORD-1999,39.9,2025-09-27T08:22:38.884Z,CUST-126,honest
ORD-2000,25000,2025-08-16T08:22:38.885Z,CUST-4,fraud
ORD-2001,33333,2025-08-28T08:22:38.885Z,CUST-1,fraud
ORD-2002,33333,2025-08-10T08:22:38.885Z,CUST-1,fraud
ORD-2003,29999,2025-10-27T08:22:38.885Z,CUST-8,fraud
ORD-2004,1000,2025-12-08T08:22:38.885Z,CUST-5,fraud
ORD-2005,15000,2025-12-21T08:22:38.885Z,CUST-7,fraud
ORD-2006,15000,2025-08-19T08:22:38.885Z,CUST-7,fraud
ORD-2007,15000,2025-10-13T08:22:38.885Z,CUST-4,fraud
ORD-2008,2000,2025-12-11T08:22:38.885Z,CUST-4,fraud
ORD-2009,25000,2025-08-24T08:22:38.885Z,CUST-2,fraud
ORD-2010,1000,2025-11-27T08:22:38.885Z,CUST-7,fraud
ORD-2011,10000,2025-10-09T08:22:38.885Z,CUST-8,fraud
ORD-2012,10000,2025-12-31T08:22:38.885Z,CUST-3,fraud
ORD-2013,9999,2025-11-24T08:22:38.885Z,CUST-8,fraud
ORD-2014,18000,2025-12-05T08:22:38.885Z,CUST-2,fraud
ORD-2015,22222,2025-11-21T08:22:38.885Z,CUST-7,fraud
ORD-2016,1000,2025-08-05T08:22:38.885Z,CUST-1,fraud
ORD-2017,15000,2025-10-25T08:22:38.885Z,CUST-6,fraud
ORD-2018,19999,2025-10-25T08:22:38.885Z,CUST-8,fraud
ORD-2019,9999,2025-10-27T08:22:38.885Z,CUST-8,fraud
ORD-2020,20000,2025-09-03T08:22:38.885Z,CUST-2,fraud
ORD-2021,10000,2025-07-30T08:22:38.885Z,CUST-4,fraud
ORD-2022,25000,2025-09-17T08:22:38.885Z,CUST-8,fraud
ORD-2023,12345,2025-12-19T08:22:38.885Z,CUST-6,fraud
ORD-2024,1000,2025-08-22T08:22:38.885Z,CUST-3,fraud
ORD-2025,20000,2025-11-26T08:22:38.885Z,CUST-8,fraud
ORD-2026,29999,2025-09-17T08:22:38.885Z,CUST-4,fraud
ORD-2027,2000,2025-08-21T08:22:38.885Z,CUST-4,fraud
ORD-2028,9999,2025-08-25T08:22:38.885Z,CUST-2,fraud
ORD-2029,2000,2025-08-12T08:22:38.885Z,CUST-1,fraud
ORD-2030,33333,2026-01-04T08:22:38.885Z,CUST-5,fraud
ORD-2031,20000,2025-07-25T08:22:38.885Z,CUST-4,fraud
ORD-2032,10000,2025-09-03T08:22:38.885Z,CUST-5,fraud
ORD-2033,20000,2025-10-10T08:22:38.885Z,CUST-5,fraud
ORD-2034,20000,2025-10-25T08:22:38.885Z,CUST-6,fraud
ORD-2035,1000,2025-11-22T08:22:38.885Z,CUST-7,fraud
ORD-2036,12345,2025-11-24T08:22:38.885Z,CUST-8,fraud
ORD-2037,2000,2025-11-05T08:22:38.885Z,CUST-5,fraud
ORD-2038,25000,2025-09-13T08:22:38.885Z,CUST-4,fraud
ORD-2039,19999,2025-11-24T08:22:38.885Z,CUST-4,fraud
ORD-2040,25000,2025-12-01T08:22:38.885Z,CUST-2,fraud
ORD-2041,2000,2025-11-01T08:22:38.885Z,CUST-7,fraud
ORD-2042,19999,2025-10-13T08:22:38.885Z,CUST-7,fraud
ORD-2043,22222,2025-07-17T08:22:38.885Z,CUST-7,fraud
ORD-2044,10000,2025-12-24T08:22:38.885Z,CUST-8,fraud
ORD-2045,18000,2025-10-05T08:22:38.885Z,CUST-2,fraud
ORD-2046,33333,2025-10-11T08:22:38.885Z,CUST-1,fraud
ORD-2047,22222,2025-09-21T08:22:38.885Z,CUST-3,fraud
ORD-2048,18000,2025-10-29T08:22:38.885Z,CUST-2,fraud
ORD-2049,15000,2025-11-30T08:22:38.885Z,CUST-6,fraud
ORD-2050,5000,2025-10-13T08:22:38.885Z,CUST-1,fraud
ORD-2051,18000,2025-09-30T08:22:38.885Z,CUST-2,fraud
ORD-2052,11111,2025-07-15T08:22:38.885Z,CUST-1,fraud
ORD-2053,11111,2025-11-23T08:22:38.885Z,CUST-5,fraud
ORD-2054,2000,2025-12-05T08:22:38.885Z,CUST-3,fraud
ORD-2055,29999,2025-10-29T08:22:38.885Z,CUST-1,fraud
ORD-2056,9999,2025-09-12T08:22:38.885Z,CUST-6,fraud
ORD-2057,29999,2025-09-15T08:22:38.885Z,CUST-6,fraud
ORD-2058,10000,2025-11-03T08:22:38.885Z,CUST-7,fraud
ORD-2059,18000,2025-10-02T08:22:38.885Z,CUST-3,fraud
ORD-2060,25000,2025-09-29T08:22:38.885Z,CUST-8,fraud
ORD-2061,9999,2025-10-28T08:22:38.885Z,CUST-5,fraud
ORD-2062,9999,2025-07-15T08:22:38.885Z,CUST-8,fraud
ORD-2063,12345,2025-11-29T08:22:38.885Z,CUST-2,fraud
ORD-2064,15000,2025-09-16T08:22:38.885Z,CUST-1,fraud
ORD-2065,22222,2025-11-13T08:22:38.885Z,CUST-6,fraud
ORD-2066,1000,2025-10-06T08:22:38.885Z,CUST-8,fraud
ORD-2067,33333,2025-10-04T08:22:38.885Z,CUST-8,fraud
ORD-2068,11111,2025-08-19T08:22:38.885Z,CUST-1,fraud
ORD-2069,10000,2025-08-10T08:22:38.885Z,CUST-2,fraud
ORD-2070,18000,2025-10-19T08:22:38.885Z,CUST-2,fraud
ORD-2071,1000,2025-11-23T08:22:38.885Z,CUST-5,fraud
ORD-2072,20000,2025-09-22T08:22:38.885Z,CUST-4,fraud
ORD-2073,29999,2025-12-09T08:22:38.885Z,CUST-2,fraud
ORD-2074,25000,2025-11-02T08:22:38.885Z,CUST-7,fraud
ORD-2075,22222,2025-11-26T08:22:38.885Z,CUST-3,fraud
ORD-2076,18000,2025-12-15T08:22:38.885Z,CUST-2,fraud
ORD-2077,33333,2025-09-13T08:22:38.885Z,CUST-5,fraud
ORD-2078,33333,2025-09-27T08:22:38.885Z,CUST-5,fraud
ORD-2079,20000,2025-12-31T08:22:38.885Z,CUST-5,fraud
ORD-2080,33333,2025-07-17T08:22:38.885Z,CUST-8,fraud
ORD-2081,25000,2025-11-17T08:22:38.885Z,CUST-1,fraud
ORD-2082,19999,2026-01-05T08:22:38.885Z,CUST-2,fraud
ORD-2083,12345,2025-12-06T08:22:38.885Z,CUST-4,fraud
ORD-2084,29999,2025-08-02T08:22:38.885Z,CUST-7,fraud
ORD-2085,33333,2025-11-15T08:22:38.885Z,CUST-1,fraud
ORD-2086,10000,2025-10-19T08:22:38.885Z,CUST-1,fraud
ORD-2087,18000,2025-11-12T08:22:38.885Z,CUST-5,fraud
ORD-2088,1000,2025-09-15T08:22:38.885Z,CUST-8,fraud
ORD-2089,20000,2025-12-20T08:22:38.885Z,CUST-2,fraud
ORD-2090,29999,2026-01-01T08:22:38.885Z,CUST-6,fraud
ORD-2091,1000,2025-09-23T08:22:38.885Z,CUST-8,fraud
ORD-2092,11111,2025-10-10T08:22:38.885Z,CUST-4,fraud
ORD-2093,9999,2026-01-04T08:22:38.885Z,CUST-2,fraud
ORD-2094,33333,2025-08-07T08:22:38.885Z,CUST-8,fraud
ORD-2095,5000,2026-01-05T08:22:38.885Z,CUST-5,fraud
ORD-2096,11111,2025-09-30T08:22:38.885Z,CUST-2,fraud
ORD-2097,5000,2025-12-18T08:22:38.885Z,CUST-6,fraud
ORD-2098,1000,2026-01-10T08:22:38.885Z,CUST-3,fraud
ORD-2099,22222,2025-12-23T08:22:38.885Z,CUST-6,fraud